Price,Adj Close,Close,High,Low,Open,Volume
Ticker,005930.KS,005930.KS,005930.KS,005930.KS,005930.KS,005930.KS
Date,,,,,,
2022-09-26,50397.671875,53900.0,54200.0,53600.0,53700.0,15008449
2022-09-27,50678.171875,54200.0,54200.0,53500.0,53800.0,16631289
2022-09-28,49462.6484375,52900.0,54400.0,52500.0,53900.0,19991129
2022-09-29,49520.08203125,52600.0,53700.0,52600.0,53300.0,13882080
2022-09-30,49990.80078125,53100.0,53600.0,51800.0,52300.0,22503249
2022-10-04,51967.8359375,55200.0,55400.0,54500.0,55300.0,19148435
2022-10-05,52720.9921875,56000.0,57200.0,55400.0,56900.0,22458970
2022-10-06,53003.421875,56300.0,57300.0,56300.0,56700.0,14944446
2022-10-07,52909.28125,56200.0,56900.0,55200.0,55900.0,16886813
2022-10-11,52156.125,55400.0,55700.0,54000.0,54400.0,21437877
2022-10-12,52532.703125,55800.0,57000.0,55200.0,55700.0,18408910
2022-10-13,51967.8359375,55200.0,56100.0,55200.0,55400.0,13784602
2022-10-14,53003.421875,56300.0,56500.0,55800.0,56200.0,12924326
2022-10-17,53285.86328125,56600.0,57000.0,55700.0,55800.0,13641878
2022-10-18,53191.71484375,56500.0,57100.0,55800.0,56700.0,14820702
2022-10-19,52532.703125,55800.0,56900.0,55700.0,56700.0,12660652
2022-10-20,52250.26953125,55500.0,56000.0,55100.0,55200.0,17107653
2022-10-21,52626.84765625,55900.0,56300.0,55100.0,55100.0,11456060
2022-10-24,54133.16015625,57500.0,57500.0,56700.0,57000.0,16944503
2022-10-25,54321.453125,57700.0,58600.0,57000.0,57000.0,17405678
2022-10-26,55921.91015625,59400.0,59600.0,57700.0,58000.0,20824967
2022-10-27,56016.05078125,59500.0,60100.0,58900.0,59700.0,21756712
2022-10-28,53944.875,57300.0,59200.0,57200.0,58900.0,20924937
2022-10-31,55921.91015625,59400.0,59900.0,58000.0,58100.0,18999514
2022-11-01,56486.7734375,60000.0,60300.0,59500.0,59900.0,17201647
2022-11-02,56110.19921875,59600.0,60000.0,59300.0,59700.0,13202919
2022-11-03,55733.625,59200.0,59800.0,58100.0,58600.0,17492162
2022-11-04,55921.91015625,59400.0,59500.0,58400.0,59100.0,12445841
2022-11-07,56675.0625,60200.0,60300.0,59400.0,59700.0,12437246
2022-11-08,58181.37890625,61800.0,61900.0,60500.0,60500.0,18273898
2022-11-09,58369.671875,62000.0,62200.0,61300.0,62000.0,14045592
2022-11-10,56863.35546875,60400.0,61500.0,60400.0,61400.0,21087633
2022-11-11,59216.96875,62900.0,63200.0,62300.0,63100.0,20037163
2022-11-14,58275.52734375,61900.0,62900.0,61700.0,62900.0,15973416
2022-11-15,58746.25390625,62400.0,62500.0,61600.0,62200.0,12310986
2022-11-16,59028.68359375,62700.0,62700.0,61700.0,62400.0,12909260
2022-11-17,57804.8046875,61400.0,62000.0,61300.0,62000.0,13298296
2022-11-18,58181.37890625,61800.0,62400.0,61400.0,61800.0,12236503
2022-11-21,57804.8046875,61400.0,61800.0,60800.0,61400.0,9378097
2022-11-22,57051.64453125,60600.0,61200.0,60300.0,60900.0,9411289
2022-11-23,57428.2265625,61000.0,61300.0,60700.0,61200.0,8765050
2022-11-24,57804.8046875,61400.0,61700.0,60900.0,61200.0,8125010
2022-11-25,57428.2265625,61000.0,61700.0,60800.0,61400.0,6677933
2022-11-28,56580.92578125,60100.0,60500.0,59800.0,60500.0,8589032
2022-11-29,57051.64453125,60600.0,60600.0,59800.0,59900.0,7014160
2022-11-30,58557.95703125,62200.0,62200.0,60200.0,60400.0,19768903
2022-12-01,58934.5390625,62600.0,63200.0,62300.0,63100.0,16631445
2022-12-02,56863.35546875,60400.0,62500.0,60400.0,62500.0,15331184
2022-12-05,56769.21484375,60300.0,61100.0,60000.0,60900.0,13767787
2022-12-06,55733.625,59200.0,60100.0,59200.0,59800.0,13888300
2022-12-07,55451.1875,58900.0,59600.0,58500.0,58800.0,12100662
2022-12-08,55733.625,59200.0,59200.0,58600.0,58700.0,12986815
2022-12-09,56863.35546875,60400.0,60600.0,59300.0,59300.0,10529632
2022-12-12,56016.05078125,59500.0,60000.0,59400.0,59900.0,9036472
2022-12-13,56204.34765625,59700.0,60300.0,59400.0,59600.0,9040873
2022-12-14,56957.5,60500.0,60600.0,59800.0,59800.0,8207485
2022-12-15,55827.765625,59300.0,60200.0,59300.0,59800.0,8716039
2022-12-16,56016.05078125,59500.0,59500.0,58300.0,58300.0,13033596
2022-12-19,56016.05078125,59500.0,59900.0,59100.0,59500.0,7696187
2022-12-20,55168.75390625,58600.0,59100.0,58500.0,59000.0,9284761
2022-12-21,54603.890625,58000.0,59100.0,58000.0,58700.0,10356971
2022-12-22,55639.4765625,59100.0,59100.0,58100.0,58100.0,10720630
2022-12-23,54698.02734375,58100.0,58400.0,57700.0,58200.0,9829407
2022-12-26,54509.74609375,57900.0,58100.0,57700.0,58000.0,6756411
2022-12-27,54698.02734375,58100.0,58400.0,57900.0,58000.0,10667027
2022-12-28,53619.015625,56600.0,57600.0,56400.0,57600.0,14665410
2022-12-29,52387.48828125,55300.0,56200.0,55300.0,56000.0,11295935
2023-01-02,52576.953125,55500.0,56100.0,55200.0,55500.0,10031448
2023-01-03,52482.2265625,55400.0,56000.0,54500.0,55400.0,13547030
2023-01-04,54755.81640625,57800.0,58000.0,55600.0,55700.0,20188071
2023-01-05,55134.75390625,58200.0,58800.0,57600.0,58200.0,15682826
2023-01-06,55892.6171875,59000.0,59400.0,57900.0,58300.0,17334989
2023-01-09,57503.0859375,60700.0,60700.0,59600.0,59700.0,18640107
2023-01-10,57218.8828125,60400.0,61100.0,59900.0,60200.0,14859797
2023-01-11,57313.6171875,60500.0,61200.0,60300.0,61000.0,12310751
2023-01-12,57313.6171875,60500.0,61200.0,59900.0,61100.0,16102561
2023-01-13,57597.8125,60800.0,61200.0,60400.0,60500.0,12510328
2023-01-16,57882.015625,61100.0,61600.0,60800.0,61300.0,10039972
2023-01-17,57787.28125,61000.0,61500.0,60600.0,61200.0,9831456
2023-01-18,57218.8828125,60400.0,61000.0,59900.0,60700.0,11584041
2023-01-19,58260.9453125,61500.0,61500.0,60400.0,60500.0,12808490
2023-01-20,58545.1484375,61800.0,62300.0,61100.0,62100.0,9646327
2023-01-25,59966.15234375,63300.0,63700.0,63000.0,63500.0,39217
2023-01-26,60439.80859375,63800.0,63900.0,63300.0,63800.0,54188
2023-01-27,61197.6796875,64600.0,65000.0,63900.0,64400.0,44282
2023-01-30,59966.15234375,63300.0,64900.0,63100.0,64900.0,59628
2023-01-31,58166.2109375,61400.0,63700.0,61000.0,63500.0,163847
2023-02-01,57787.28125,61000.0,62700.0,61000.0,62600.0,98585
2023-02-02,60155.6171875,63500.0,63900.0,62600.0,63200.0,65992
2023-02-03,60155.6171875,63500.0,64000.0,63000.0,63900.0,47567
2023-02-06,58355.6796875,61600.0,63000.0,61600.0,62800.0,144104
2023-02-07,58734.609375,62000.0,62500.0,61600.0,61900.0,32873
2023-02-08,59776.671875,63100.0,63300.0,62400.0,62800.0,42558
2023-02-09,59966.15234375,63300.0,63300.0,62300.0,63000.0,48035
2023-02-10,59587.21484375,62900.0,63000.0,62400.0,62600.0,44786
2023-02-13,59587.21484375,62900.0,63000.0,62300.0,62900.0,59395
2023-02-14,59871.4140625,63200.0,63900.0,63200.0,63600.0,70606
2023-02-15,58924.07421875,62200.0,63900.0,62000.0,63900.0,58370
2023-02-16,60345.078125,63700.0,63700.0,62400.0,62500.0,41448
2023-02-17,59303.01171875,62600.0,63300.0,62400.0,62900.0,28613
2023-02-20,59397.74609375,62700.0,63000.0,61800.0,62900.0,29846
2023-02-21,58829.34375,62100.0,62800.0,62000.0,62700.0,60971
2023-02-22,57882.015625,61100.0,61800.0,61000.0,61500.0,39178
2023-02-23,58734.609375,62000.0,62500.0,61500.0,61700.0,37145
2023-02-24,58071.48828125,61300.0,62600.0,61300.0,62300.0,50792
2023-02-27,57313.6171875,60500.0,60800.0,60200.0,60800.0,11155697
2023-02-28,57408.34765625,60600.0,61400.0,60500.0,60800.0,13715861
2023-03-02,57597.8125,60800.0,61800.0,60500.0,60900.0,13095682
2023-03-03,57313.6171875,60500.0,61200.0,60500.0,61000.0,10711405
2023-03-06,58260.9453125,61500.0,61600.0,60800.0,61100.0,13630602
2023-03-07,57503.0859375,60700.0,61400.0,60700.0,61400.0,11473280
2023-03-08,57124.15234375,60300.0,60500.0,59900.0,60100.0,14161857
2023-03-09,56934.6796875,60100.0,60800.0,59900.0,60500.0,14334499
2023-03-10,56366.28125,59500.0,59700.0,59100.0,59500.0,11902471
2023-03-13,56839.9453125,60000.0,60200.0,59300.0,59900.0,12779724
2023-03-14,55892.6171875,59000.0,59500.0,59000.0,59400.0,12147346
2023-03-15,56650.48046875,59800.0,60300.0,59600.0,60000.0,10482149
2023-03-16,56745.21875,59900.0,60200.0,59100.0,59200.0,10611939
2023-03-17,58071.48828125,61300.0,61300.0,60600.0,60800.0,14090110
2023-03-20,57029.4140625,60200.0,61200.0,60200.0,61100.0,9618009
2023-03-21,57124.15234375,60300.0,60700.0,60100.0,60500.0,8318514
2023-03-22,57882.015625,61100.0,61200.0,60500.0,61000.0,8978591
2023-03-23,59018.81640625,62300.0,62300.0,60600.0,60600.0,15381057
2023-03-24,59681.9453125,63000.0,63300.0,62300.0,62700.0,18278602
2023-03-27,58829.34375,62100.0,62800.0,62000.0,62600.0,11039331
2023-03-28,59587.21484375,62900.0,62900.0,62100.0,62400.0,11614118
2023-03-29,59397.74609375,62700.0,62700.0,62200.0,62500.0,11216008
2023-03-30,60218.125,63200.0,63700.0,63100.0,63700.0,15684377
2023-03-31,60980.37890625,64000.0,64000.0,63700.0,64000.0,14094479
2023-04-03,60122.8359375,63100.0,64000.0,63000.0,64000.0,11973133
2023-04-04,60599.25390625,63600.0,63800.0,62800.0,63400.0,11120514
2023-04-05,60885.09375,63900.0,64000.0,63400.0,63700.0,9176149
2023-04-06,59360.5859375,62300.0,63600.0,62300.0,63500.0,14992747
2023-04-07,61933.19140625,65000.0,65200.0,63800.0,63800.0,27476120
2023-04-10,62600.171875,65700.0,66300.0,64700.0,64800.0,18777166
2023-04-11,62790.73046875,65900.0,66200.0,65400.0,66200.0,16323183
2023-04-12,62886.015625,66000.0,66200.0,65300.0,65800.0,15021313
2023-04-13,62981.29296875,66100.0,66100.0,65400.0,65600.0,15091022
2023-04-14,62028.4765625,65100.0,66600.0,65000.0,66600.0,16176490
2023-04-17,62219.0390625,65300.0,65600.0,64700.0,65000.0,13486618
2023-04-18,62504.88671875,65600.0,66000.0,64800.0,65900.0,14802060
2023-04-19,62409.60546875,65500.0,65800.0,65300.0,65500.0,10255985
2023-04-20,62219.0390625,65300.0,65300.0,64600.0,65100.0,9501169
2023-04-21,62600.171875,65700.0,65900.0,65400.0,65800.0,10538622
2023-04-24,62123.7578125,65200.0,65700.0,64800.0,65300.0,12986581
2023-04-25,60599.25390625,63600.0,65400.0,63400.0,65300.0,16193271
2023-04-26,61075.66015625,64100.0,64300.0,63300.0,63600.0,12664541
2023-04-27,61552.0703125,64600.0,65000.0,63300.0,64100.0,14779601
2023-04-28,62409.60546875,65500.0,65900.0,65000.0,65200.0,19699481
2023-05-02,62600.171875,65700.0,66300.0,65100.0,66000.0,14396948
2023-05-03,62314.32421875,65400.0,65600.0,64900.0,65100.0,8876749
2023-05-04,62028.4765625,65100.0,65700.0,64700.0,65600.0,9791064
2023-05-08,62790.73046875,65900.0,66300.0,65400.0,66300.0,9405365
2023-05-09,62219.0390625,65300.0,65800.0,65100.0,65800.0,9366861
2023-05-10,61552.0703125,64600.0,65500.0,64300.0,65500.0,13057727
2023-05-11,61170.9453125,64200.0,65100.0,64200.0,64700.0,11648905
2023-05-12,61075.66015625,64100.0,64600.0,63600.0,63700.0,8693913
2023-05-15,61456.78515625,64500.0,64600.0,63900.0,64100.0,8172021
2023-05-16,62314.32421875,65400.0,65900.0,65300.0,65800.0,12334657
2023-05-17,61933.19140625,65000.0,65900.0,64800.0,65900.0,10745504
2023-05-18,63076.578125,66200.0,66200.0,65700.0,66000.0,14431704
2023-05-19,65172.77734375,68400.0,68400.0,67500.0,67800.0,20349345
2023-05-22,65268.05078125,68500.0,69000.0,68000.0,68400.0,14470308
2023-05-23,65172.77734375,68400.0,68700.0,68100.0,68500.0,8561643
2023-05-24,65268.05078125,68500.0,68700.0,68000.0,68100.0,8192896
2023-05-25,65553.9140625,68800.0,70000.0,68700.0,69900.0,14231160
2023-05-26,66983.125,70300.0,70400.0,69500.0,69800.0,19549511
2023-05-30,68888.765625,72300.0,72300.0,71200.0,71300.0,27476897
2023-05-31,68031.2265625,71400.0,72500.0,71000.0,72400.0,25666087
2023-06-01,67554.828125,70900.0,71600.0,70600.0,70900.0,14669296
2023-06-02,68793.484375,72200.0,72200.0,71600.0,71700.0,12161798
2023-06-05,68317.09375,71700.0,72700.0,71400.0,72700.0,12686829
2023-06-07,67650.109375,71000.0,71600.0,70800.0,71300.0,14796613
2023-06-08,67554.828125,70900.0,70900.0,70000.0,70400.0,19165568
2023-06-09,68602.9296875,72000.0,72300.0,70800.0,71100.0,15050209
2023-06-12,67650.109375,71000.0,72400.0,70800.0,72100.0,12064287
2023-06-13,68602.9296875,72000.0,72200.0,71600.0,71700.0,13227285
2023-06-14,68507.640625,71900.0,72200.0,71100.0,72100.0,12541046
2023-06-15,68126.5,71500.0,72300.0,71300.0,72100.0,13614994
2023-06-16,68412.359375,71800.0,71900.0,70900.0,71800.0,15373696
2023-06-19,67840.6796875,71200.0,71700.0,70900.0,71300.0,11100887
2023-06-20,68031.2265625,71400.0,71400.0,70400.0,70700.0,11557883
2023-06-21,67173.703125,70500.0,71200.0,70400.0,70700.0,10626603
2023-06-22,67935.9609375,71300.0,71500.0,70100.0,70200.0,11411007
2023-06-23,68221.796875,71600.0,72200.0,71600.0,72000.0,12329484
2023-06-26,68984.0625,72400.0,72500.0,71500.0,71700.0,10541901
2023-06-27,69174.6171875,72600.0,72600.0,72000.0,72500.0,9442997
2023-06-28,69269.890625,72700.0,72700.0,72000.0,72600.0,8783093
2023-06-29,69328.3046875,72400.0,73400.0,72400.0,73100.0,12229967
2023-06-30,69136.7890625,72200.0,72700.0,71700.0,72500.0,11694765
2023-07-03,69902.859375,73000.0,73200.0,72600.0,72700.0,10722181
2023-07-04,69902.859375,73000.0,73600.0,72900.0,73400.0,10214350
2023-07-05,68945.2734375,72000.0,73300.0,71900.0,73000.0,12310610
2023-07-06,68562.25,71600.0,72400.0,71500.0,71900.0,14777667
2023-07-07,66934.3828125,69900.0,71400.0,69800.0,71100.0,17308877
2023-07-10,66551.3515625,69500.0,70400.0,69200.0,70000.0,11713926
2023-07-11,68466.484375,71500.0,71500.0,70100.0,70200.0,12177392
2023-07-12,68849.5234375,71900.0,72000.0,71100.0,71200.0,10375581
2023-07-13,68849.5234375,71900.0,72600.0,71900.0,72400.0,14417279
2023-07-14,70285.8828125,73400.0,73400.0,72400.0,72500.0,15882519
2023-07-17,70190.1171875,73300.0,73500.0,72800.0,73200.0,10060049
2023-07-18,68945.2734375,72000.0,73500.0,72000.0,73200.0,11697900
2023-07-19,68658.0234375,71700.0,72800.0,71300.0,72700.0,10896412
2023-07-20,67987.7109375,71000.0,71500.0,70800.0,71100.0,9732730
2023-07-21,67317.3984375,70300.0,70400.0,69400.0,70400.0,16528926
2023-07-24,67413.1640625,70400.0,70900.0,69900.0,70100.0,13418597
2023-07-25,67030.125,70000.0,70500.0,69800.0,70000.0,14314945
2023-07-26,66838.6171875,69800.0,70600.0,68100.0,69800.0,30016221
2023-07-27,68658.0234375,71700.0,71700.0,69300.0,69900.0,24261179
2023-07-28,67604.671875,70600.0,72400.0,70100.0,71800.0,19420683
2023-07-31,66838.6171875,69800.0,71000.0,69800.0,70900.0,13035420
2023-08-01,68083.4609375,71100.0,71200.0,70000.0,70100.0,12299254
2023-08-02,66934.3828125,69900.0,71000.0,69800.0,70700.0,13835020
2023-08-03,65881.0546875,68800.0,70200.0,68500.0,69900.0,20087090
2023-08-04,65402.265625,68300.0,69100.0,68200.0,68800.0,12360193
2023-08-07,65593.765625,68500.0,69200.0,67600.0,67700.0,10968505
2023-08-08,64731.95703125,67600.0,69100.0,67400.0,69000.0,14664709
2023-08-09,65976.8046875,68900.0,69600.0,67900.0,68000.0,17259673
2023-08-10,65114.99609375,68000.0,68500.0,67800.0,68300.0,10227311
2023-08-11,64636.19140625,67500.0,68800.0,67500.0,68400.0,9781038
2023-08-14,64444.6875,67300.0,67900.0,66900.0,67500.0,9352343
2023-08-16,64157.41796875,67000.0,67100.0,66300.0,66700.0,13174578
2023-08-17,63870.140625,66700.0,66800.0,66000.0,66300.0,10778652
2023-08-18,63487.1171875,66300.0,66700.0,65800.0,66000.0,11745006
2023-08-21,63774.3828125,66600.0,67100.0,66300.0,66600.0,9720067
2023-08-22,63774.3828125,66600.0,67700.0,66300.0,67200.0,10500242
2023-08-23,64253.171875,67100.0,67100.0,66400.0,66700.0,9549352
2023-08-24,65306.5,68200.0,68700.0,67900.0,68300.0,15044463
2023-08-25,64253.171875,67100.0,67400.0,66900.0,67100.0,7032462
2023-08-28,63965.90234375,66800.0,67000.0,66500.0,66800.0,5824628
2023-08-29,63965.90234375,66800.0,67200.0,66600.0,66900.0,9114352
2023-08-30,64253.171875,67100.0,67700.0,67100.0,67300.0,9181223
2023-08-31,64061.65234375,66900.0,67200.0,66400.0,67100.0,15964630
2023-09-01,67987.7109375,71000.0,71000.0,66700.0,66800.0,29738235
2023-09-04,68179.2265625,71200.0,72900.0,70700.0,72900.0,26286495
2023-09-05,67700.4296875,70700.0,71500.0,70200.0,70900.0,12330239
2023-09-06,67030.125,70000.0,70800.0,69700.0,70700.0,11414620
2023-09-07,67413.1640625,70400.0,70600.0,69600.0,70000.0,13741241
2023-09-08,67317.3984375,70300.0,70300.0,69600.0,70200.0,10688118
2023-09-11,67796.203125,70800.0,70800.0,70000.0,70400.0,11785462
2023-09-12,67508.921875,70500.0,71000.0,70400.0,70800.0,11688599
2023-09-13,67891.953125,70900.0,71600.0,70300.0,71100.0,15955797
2023-09-14,68658.0234375,71700.0,71800.0,70800.0,71200.0,21041407
2023-09-15,68945.2734375,72000.0,72300.0,71400.0,71700.0,17823512
2023-09-18,67221.640625,70200.0,71700.0,70200.0,71300.0,16040727
2023-09-19,66838.6171875,69800.0,70800.0,69600.0,70400.0,11820188
2023-09-20,66647.1015625,69600.0,70300.0,69500.0,70000.0,10873015
2023-09-21,65976.8046875,68900.0,69800.0,68800.0,69200.0,10796336
2023-09-22,65881.0546875,68800.0,68900.0,68300.0,68300.0,9897840
2023-09-25,66455.5859375,69400.0,69700.0,68500.0,68500.0,13582516
2023-09-26,66033.015625,68600.0,70000.0,68400.0,70000.0,13143470
2023-09-27,65840.5078125,68400.0,69100.0,68200.0,68600.0,14886491
2023-10-04,64974.171875,67500.0,67700.0,66700.0,67400.0,23361149
2023-10-05,64204.11328125,66700.0,67400.0,66700.0,67300.0,16108313
2023-10-06,63530.30859375,66000.0,67300.0,66000.0,67100.0,14386527
2023-10-10,63915.33984375,66400.0,67600.0,66200.0,66200.0,19889202
2023-10-11,65647.984375,68200.0,69400.0,67900.0,68600.0,25209349
2023-10-12,66321.796875,68900.0,69700.0,68200.0,68600.0,19311380
2023-10-13,65455.48046875,68000.0,68500.0,67700.0,68000.0,9724086
2023-10-16,64781.6640625,67300.0,68500.0,66800.0,67900.0,12599299
2023-10-17,66803.078125,69400.0,69900.0,67400.0,67700.0,17299253
2023-10-18,67861.921875,70500.0,70500.0,68800.0,68900.0,16493184
2023-10-19,66899.34375,69500.0,70000.0,69400.0,69700.0,13985012
2023-10-20,66225.546875,68800.0,69200.0,68100.0,68900.0,15204495
2023-10-23,65840.5078125,68400.0,69100.0,68200.0,68700.0,11625959
2023-10-24,65936.75,68500.0,68800.0,67700.0,68700.0,12791710
2023-10-25,65455.48046875,68000.0,68800.0,67900.0,68800.0,10610703
2023-10-26,64204.11328125,66700.0,67900.0,66700.0,67000.0,15517624
2023-10-27,64781.6640625,67300.0,67300.0,66700.0,67100.0,11334726
2023-10-30,64781.6640625,67300.0,67800.0,66700.0,66800.0,10139270
2023-10-31,64396.62890625,66900.0,68300.0,66900.0,67600.0,14488892
2023-11-01,66033.015625,68600.0,68900.0,67300.0,67500.0,13775256
2023-11-02,67091.8671875,69700.0,70000.0,69400.0,70000.0,16350031
2023-11-03,66995.59375,69600.0,70200.0,69500.0,69700.0,10322234
2023-11-06,68246.9609375,70900.0,70900.0,69300.0,69800.0,22228489
2023-11-07,68246.9609375,70900.0,70900.0,70000.0,70600.0,17228731
2023-11-08,67284.3828125,69900.0,71400.0,69700.0,71300.0,12901310
2023-11-09,67669.3984375,70300.0,70800.0,69600.0,69900.0,12301373
2023-11-10,67861.921875,70500.0,70500.0,69500.0,70000.0,9684347
2023-11-13,67765.6640625,70400.0,71300.0,70300.0,71300.0,9246919
2023-11-14,68150.703125,70800.0,71100.0,70600.0,71000.0,9567984
2023-11-15,69498.3046875,72200.0,72200.0,71500.0,71600.0,20148677
2023-11-16,70075.859375,72800.0,73000.0,72300.0,72500.0,15860451
2023-11-17,69787.078125,72500.0,73000.0,72300.0,72300.0,11494644
2023-11-20,69979.59375,72700.0,73000.0,72100.0,72100.0,10610157
2023-11-21,70075.859375,72800.0,73400.0,72700.0,73100.0,9712881
2023-11-22,70075.859375,72800.0,73000.0,71900.0,72200.0,11105143
2023-11-23,69690.8203125,72400.0,73200.0,72200.0,73000.0,6775614
2023-11-24,69017.03125,71700.0,72600.0,71700.0,72400.0,6676685
2023-11-27,68631.9921875,71300.0,72100.0,71100.0,71500.0,9113857
2023-11-28,69979.59375,72700.0,72700.0,71300.0,71400.0,13283081
2023-11-29,69979.59375,72700.0,72800.0,72200.0,72400.0,9283933
2023-11-30,70075.859375,72800.0,72800.0,72200.0,72700.0,15783714
2023-12-01,69305.7890625,72000.0,72500.0,71700.0,72400.0,9871284
2023-12-04,69883.34375,72600.0,72900.0,72400.0,72800.0,10229267
2023-12-05,68535.734375,71200.0,72400.0,71200.0,72300.0,12129682
2023-12-06,69017.03125,71700.0,72100.0,71600.0,71800.0,8123087
2023-12-07,68824.4921875,71500.0,71900.0,71100.0,71800.0,8862017
2023-12-08,69883.34375,72600.0,72800.0,71900.0,72100.0,10859463
2023-12-11,70268.375,73000.0,73000.0,72200.0,72800.0,9861960
2023-12-12,70749.65625,73500.0,73500.0,73100.0,73300.0,13758646
2023-12-13,70075.859375,72800.0,73500.0,72800.0,73300.0,13116766
2023-12-14,70364.625,73100.0,74300.0,72500.0,74100.0,27567593
2023-12-15,70557.140625,73300.0,74000.0,73200.0,73800.0,15419815
2023-12-18,70172.109375,72900.0,73400.0,72800.0,73300.0,9690551
2023-12-19,70653.40625,73400.0,73400.0,72800.0,73000.0,8907632
2023-12-20,72001.0234375,74800.0,74900.0,73800.0,74200.0,16870156
2023-12-21,72193.53125,75000.0,75000.0,74300.0,74600.0,13478766
2023-12-22,73059.859375,75900.0,76300.0,75400.0,75800.0,14515608
2023-12-26,73733.65625,76600.0,76700.0,75700.0,76100.0,13164909
2023-12-27,75436.796875,78000.0,78000.0,76500.0,76700.0,20651042
2023-12-28,75920.3671875,78500.0,78500.0,77500.0,77700.0,17797536
2024-01-02,76984.21875,79600.0,79800.0,78200.0,78200.0,17142847
2024-01-03,74469.65625,77000.0,78800.0,77000.0,78500.0,21753644
2024-01-04,74082.796875,76600.0,77300.0,76100.0,76100.0,15324439
2024-01-05,74082.796875,76600.0,77100.0,76400.0,76700.0,11304316
2024-01-08,73986.09375,76500.0,77500.0,76400.0,77000.0,11088724
2024-01-09,72245.2421875,74700.0,77700.0,74300.0,77400.0,26019249
2024-01-10,71181.390625,73600.0,75200.0,73200.0,75000.0,20259529
2024-01-11,70794.53125,73200.0,73600.0,72700.0,72900.0,57691266
2024-01-12,70697.8203125,73100.0,74100.0,72800.0,73000.0,13038939
2024-01-15,71471.53125,73900.0,74000.0,73200.0,73200.0,2957915
2024-01-16,70214.2421875,72600.0,73700.0,72500.0,73500.0,14760415
2024-01-17,68666.828125,71000.0,73300.0,71000.0,73100.0,22683660
2024-01-18,69343.8203125,71700.0,72000.0,70700.0,71600.0,17853397
2024-01-19,72245.2421875,74700.0,74700.0,73000.0,73500.0,23363427
2024-01-22,72632.09375,75100.0,76000.0,75000.0,75900.0,19673375
2024-01-23,72728.8046875,75200.0,75800.0,74300.0,75700.0,14786224
2024-01-24,71568.25,74000.0,75200.0,73500.0,75200.0,12860661
2024-01-25,71664.9453125,74100.0,74800.0,73700.0,74200.0,11737747
2024-01-26,70987.9609375,73400.0,74500.0,73300.0,73700.0,11160062
2024-01-29,71955.1015625,74400.0,75200.0,73500.0,73800.0,13976521
2024-01-30,71858.3828125,74300.0,75300.0,73700.0,75000.0,12244418
2024-01-31,70310.9609375,72700.0,74000.0,72500.0,73400.0,15703560
2024-02-01,71181.390625,73600.0,74200.0,72900.0,73000.0,19881033
2024-02-02,72728.8046875,75200.0,75200.0,73700.0,74000.0,14955881
2024-02-05,71858.3828125,74300.0,74800.0,73500.0,74200.0,19026021
2024-02-06,71955.1015625,74400.0,74700.0,73300.0,74300.0,14559254
2024-02-07,72535.3828125,75000.0,75500.0,74300.0,74600.0,16566445
2024-02-08,71664.9453125,74100.0,75200.0,73600.0,75000.0,20810708
2024-02-13,72728.8046875,75200.0,75200.0,74400.0,74800.0,21966745
2024-02-14,71568.25,74000.0,74300.0,73700.0,73700.0,12434945
2024-02-15,70794.53125,73200.0,74400.0,73000.0,74200.0,14120600
2024-02-16,70407.671875,72800.0,73400.0,72500.0,73300.0,13444781
2024-02-19,71374.8125,73800.0,73900.0,72800.0,72800.0,12726404
2024-02-20,70891.25,73300.0,73700.0,72800.0,73700.0,14681477
2024-02-21,70601.1015625,73000.0,73700.0,72900.0,73400.0,11503495
2024-02-22,70697.8203125,73100.0,73900.0,72700.0,73800.0,15208934
2024-02-23,70504.3828125,72900.0,74200.0,72900.0,73600.0,16225166
2024-02-26,70407.671875,72800.0,73200.0,72200.0,72300.0,14669352
2024-02-27,70504.3828125,72900.0,73400.0,72700.0,73100.0,13201981
2024-02-28,70794.53125,73200.0,73900.0,72800.0,72900.0,11795859
2024-02-29,70987.9609375,73400.0,73400.0,72000.0,72600.0,21176403
2024-03-04,72438.671875,74900.0,75000.0,74000.0,74300.0,23210474
2024-03-05,71278.09375,73700.0,74800.0,73700.0,74600.0,19505125
2024-03-06,70504.3828125,72900.0,73500.0,72700.0,73200.0,21547905
2024-03-07,69827.390625,72200.0,73300.0,72200.0,73100.0,14516963
2024-03-08,70891.25,73300.0,73400.0,72600.0,72800.0,19271349
2024-03-11,70020.828125,72400.0,73100.0,72300.0,72900.0,9740504
2024-03-12,70891.25,73300.0,73500.0,72100.0,72600.0,13011654
2024-03-13,71664.9453125,74100.0,74100.0,73500.0,73700.0,15243134
2024-03-14,71858.3828125,74300.0,74500.0,73600.0,74400.0,22545539
2024-03-15,69924.109375,72300.0,73700.0,72300.0,73400.0,22580555
2024-03-18,70407.671875,72800.0,73000.0,72500.0,72600.0,11520348
2024-03-19,70407.671875,72800.0,73000.0,71700.0,72300.0,15376066
2024-03-20,74372.9453125,76900.0,77200.0,73400.0,73700.0,50106297
2024-03-21,76694.0625,79300.0,79300.0,77700.0,79200.0,44569799
2024-03-22,76307.2265625,78900.0,79900.0,77800.0,79600.0,26724761
2024-03-25,75630.21875,78200.0,79800.0,77800.0,79600.0,18703996
2024-03-26,77274.34375,79900.0,80100.0,79200.0,79700.0,30551494
2024-03-27,77177.640625,79800.0,80000.0,79200.0,79200.0,17424595
2024-03-28,78499.8984375,80800.0,81000.0,79200.0,79400.0,25084812
2024-03-29,80054.3515625,82400.0,82500.0,80900.0,81200.0,27126366
2024-04-01,79665.75,82000.0,83300.0,82000.0,83200.0,20116513
2024-04-02,82580.3359375,85000.0,85000.0,82900.0,82900.0,37077944
2024-04-03,81705.9609375,84100.0,85000.0,83500.0,84300.0,30493347
2024-04-04,82871.8046875,85300.0,85500.0,84300.0,85200.0,25248934
2024-04-05,82094.578125,84500.0,85000.0,83800.0,84500.0,18883752
2024-04-08,82094.578125,84500.0,86000.0,84500.0,85200.0,18953232
2024-04-09,81220.203125,83600.0,84900.0,83100.0,84500.0,23725956
2024-04-11,81705.9609375,84100.0,84700.0,82500.0,83200.0,25538009
2024-04-12,81317.34375,83700.0,84900.0,83200.0,84700.0,17061770
2024-04-15,79860.0546875,82200.0,83200.0,81200.0,82900.0,26663772
2024-04-16,77722.671875,80000.0,81300.0,79400.0,81200.0,31949845
2024-04-17,76653.984375,78900.0,80800.0,78900.0,80700.0,22611631
2024-04-18,77334.0546875,79600.0,80100.0,78300.0,78800.0,21370190
2024-04-19,75390.9921875,77600.0,78700.0,76300.0,78300.0,31317563
2024-04-22,73933.6953125,76100.0,77500.0,75100.0,77400.0,30469477
2024-04-23,73350.78125,75500.0,76800.0,75500.0,76400.0,18717699
2024-04-24,76362.53125,78600.0,78800.0,77200.0,77500.0,22166150
2024-04-25,74127.9921875,76300.0,77500.0,76300.0,77300.0,15549134
2024-04-26,74516.6171875,76700.0,77900.0,76500.0,77800.0,12755629
2024-04-29,74516.6171875,76700.0,77600.0,76200.0,77400.0,14664474
2024-04-30,75293.8359375,77500.0,78500.0,76600.0,77000.0,19007007
2024-05-02,75779.609375,78000.0,78600.0,77300.0,77600.0,18900640
2024-05-03,75390.9921875,77600.0,79000.0,77500.0,79000.0,13151889
2024-05-07,78985.671875,81300.0,81300.0,79400.0,79600.0,26238868
2024-05-08,78985.671875,81300.0,81400.0,80500.0,80800.0,13089576
2024-05-09,77431.21875,79700.0,81500.0,79700.0,81100.0,18759935
2024-05-10,76945.4453125,79200.0,81100.0,78900.0,80400.0,16976124
2024-05-13,76168.2265625,78400.0,79900.0,77600.0,79400.0,18652344
2024-05-14,76071.0625,78300.0,78800.0,77900.0,78600.0,11763992
2024-05-16,75973.9140625,78200.0,80300.0,78100.0,80200.0,20989778
2024-05-17,75196.6796875,77400.0,78800.0,77200.0,78600.0,15918201
2024-05-20,76653.984375,78900.0,79100.0,77900.0,78100.0,19456783
2024-05-21,76168.2265625,78400.0,79000.0,78200.0,78500.0,13690583
2024-05-22,75488.1484375,77700.0,78700.0,77300.0,78100.0,19521506
2024-05-23,76071.0625,78300.0,79100.0,77100.0,77700.0,18728087
2024-05-24,73739.390625,75900.0,77000.0,75700.0,76800.0,27891278
2024-05-27,75002.3828125,77200.0,78200.0,74000.0,75300.0,43825202
2024-05-28,75390.9921875,77600.0,78000.0,76200.0,76500.0,18539072
2024-05-29,73059.3125,75200.0,78200.0,75200.0,77700.0,30244875
2024-05-30,71407.7109375,73500.0,75200.0,73500.0,74800.0,28551273
2024-05-31,71407.7109375,73500.0,74700.0,73500.0,74500.0,26198776
2024-06-03,73545.0703125,75700.0,76400.0,74200.0,74400.0,15706268
2024-06-04,73156.46875,75300.0,76100.0,74900.0,74900.0,14098053
2024-06-05,75196.6796875,77400.0,78000.0,76800.0,78000.0,23177968
2024-06-07,75099.53125,77300.0,78600.0,77100.0,78400.0,21189349
2024-06-10,73545.0703125,75700.0,76600.0,75600.0,76100.0,14598755
2024-06-11,73059.3125,75200.0,76000.0,75100.0,75900.0,16971175
2024-06-12,74322.3046875,76500.0,77100.0,75200.0,75300.0,19246725
2024-06-13,76362.53125,78600.0,79000.0,77800.0,78400.0,33763804
2024-06-14,77334.0546875,79600.0,80500.0,79000.0,79700.0,22926612
2024-06-17,75876.7578125,78100.0,79500.0,78000.0,79200.0,16123051
2024-06-18,77528.3671875,79800.0,80200.0,78600.0,78700.0,18207598
2024-06-19,78888.5078125,81200.0,82500.0,80500.0,81100.0,24168863
2024-06-20,79277.125,81600.0,82200.0,81200.0,81500.0,20288913
2024-06-21,77722.671875,80000.0,80800.0,80000.0,80700.0,17907523
2024-06-24,78305.59375,80600.0,80900.0,79500.0,79700.0,15454227
2024-06-25,78499.8984375,80800.0,81800.0,80100.0,80600.0,19088458
2024-06-26,78985.671875,81300.0,81400.0,79900.0,80100.0,17783242
2024-06-27,79630.71875,81600.0,81600.0,80500.0,81300.0,11739720
2024-06-28,79533.125,81500.0,81900.0,80800.0,81900.0,9455929
2024-07-01,79825.890625,81800.0,82100.0,81300.0,81500.0,11317202
2024-07-02,79825.890625,81800.0,82600.0,81500.0,82500.0,14471904
2024-07-03,79825.890625,81800.0,82300.0,81000.0,82300.0,11440328
2024-07-04,82558.3203125,84600.0,84700.0,82400.0,82900.0,43857229
2024-07-05,84997.984375,87100.0,87100.0,85200.0,85600.0,45791193
2024-07-08,85290.75,87400.0,88600.0,86900.0,87900.0,24035809
2024-07-09,85681.09375,87800.0,88200.0,86900.0,87800.0,21336201
2024-07-10,85681.09375,87800.0,88000.0,87100.0,87600.0,17813847
2024-07-11,85485.921875,87600.0,88800.0,86700.0,88500.0,24677608
2024-07-12,82363.140625,84400.0,86100.0,84100.0,85900.0,26344386
2024-07-15,84607.640625,86700.0,87300.0,84100.0,84700.0,25193080
2024-07-16,85583.5,87700.0,88000.0,86700.0,86900.0,16166688
2024-07-17,84607.640625,86700.0,88000.0,86400.0,87100.0,18186490
2024-07-18,84802.8046875,86900.0,86900.0,83800.0,83800.0,24721790
2024-07-19,82363.140625,84400.0,86100.0,84100.0,85600.0,18569122
2024-07-22,80996.9296875,83000.0,84900.0,82600.0,84400.0,18987560
2024-07-23,81875.203125,83900.0,84700.0,83400.0,84200.0,15766389
2024-07-24,80021.0703125,82000.0,83300.0,81900.0,82900.0,16939083
2024-07-25,78459.6796875,80400.0,81000.0,80100.0,80400.0,20323811
2024-07-26,78947.6015625,80900.0,81300.0,80400.0,80700.0,14508334
2024-07-29,79240.3671875,81200.0,82000.0,81100.0,81600.0,12797136
2024-07-30,79045.203125,81000.0,81000.0,80000.0,80400.0,13169636
2024-07-31,81875.203125,83900.0,83900.0,80900.0,81200.0,20744323
2024-08-01,81094.5078125,83100.0,86100.0,83100.0,86000.0,20900338
2024-08-02,77678.984375,79600.0,81400.0,79500.0,81000.0,25800275
2024-08-05,69676.875,71400.0,76900.0,70200.0,76700.0,54608790
2024-08-06,70750.3359375,72500.0,75300.0,72300.0,74900.0,47295226
2024-08-07,72897.2421875,74700.0,76000.0,72800.0,73000.0,32710428
2024-08-08,71628.609375,73400.0,73900.0,72500.0,73200.0,28414729
2024-08-09,72897.2421875,74700.0,75800.0,74200.0,75700.0,16388222
2024-08-12,73677.9375,75500.0,75900.0,74800.0,75200.0,9839259
2024-08-13,74263.4453125,76100.0,76600.0,75500.0,76500.0,10716261
2024-08-14,75336.90625,77200.0,77800.0,77000.0,77400.0,13246168
2024-08-16,78264.5,80200.0,80200.0,78700.0,79400.0,22061478
2024-08-19,76410.3515625,78300.0,80100.0,78000.0,80100.0,14146565
2024-08-20,76995.875,78900.0,79800.0,78700.0,79500.0,10683836
2024-08-21,76410.3515625,78300.0,78600.0,77800.0,77900.0,7805598
2024-08-22,76410.3515625,78300.0,78900.0,77800.0,78700.0,8149101
2024-08-23,75824.8359375,77700.0,78400.0,77500.0,77700.0,9420306
2024-08-26,74263.4453125,76100.0,78200.0,76000.0,78100.0,15655938
2024-08-27,73970.6875,75800.0,76500.0,75600.0,75700.0,11130145
2024-08-28,74556.203125,76400.0,76400.0,75400.0,75800.0,9794514
2024-08-29,72214.1328125,74000.0,74700.0,73500.0,73600.0,16884479
2024-08-30,72506.8984375,74300.0,75000.0,74100.0,74400.0,16358520
2024-09-02,72604.4765625,74400.0,74700.0,73500.0,74500.0,12641376
2024-09-03,70750.3359375,72500.0,74300.0,72500.0,74100.0,16314599
2024-09-04,68310.6640625,70000.0,71100.0,69800.0,69800.0,27366563
2024-09-05,67334.796875,69000.0,71200.0,69000.0,70100.0,25686769
2024-09-06,67237.2109375,68900.0,69700.0,68000.0,69100.0,19022299
2024-09-09,65870.9921875,67500.0,68200.0,66600.0,66900.0,23263298
2024-09-10,64602.3671875,66200.0,67300.0,66000.0,67000.0,30651376
2024-09-11,63333.75,64900.0,65500.0,64200.0,65100.0,35809707
2024-09-12,64699.95703125,66300.0,66600.0,65200.0,66000.0,35884106
2024-09-13,62845.81640625,64400.0,65500.0,64300.0,65000.0,25045135
2024-09-19,61577.18359375,63100.0,64400.0,62200.0,64000.0,49402713
2024-09-20,61479.6015625,63000.0,64700.0,63000.0,63800.0,32746056
2024-09-23,61089.25390625,62600.0,63500.0,62200.0,62300.0,28542376
2024-09-24,61674.7734375,63200.0,63400.0,62400.0,62800.0,26957500
2024-09-25,60698.90625,62200.0,64200.0,62200.0,63800.0,28652438
2024-09-26,63138.57421875,64700.0,64900.0,63700.0,63900.0,37566015
2024-09-27,63002.1640625,64200.0,65400.0,64200.0,64700.0,28433030
2024-09-30,60352.5390625,61500.0,64300.0,61500.0,64200.0,32694163
2024-10-02,60156.2734375,61300.0,61900.0,59900.0,60500.0,28473536
2024-10-04,59469.33203125,60600.0,61700.0,60500.0,61000.0,24247578
2024-10-07,59861.8671875,61000.0,61900.0,59500.0,60200.0,35066533
2024-10-08,59174.9296875,60300.0,61000.0,59900.0,60000.0,27411786
2024-10-10,57801.05078125,58900.0,60200.0,58900.0,60100.0,45262214
2024-10-11,58193.58984375,59300.0,60100.0,59000.0,59100.0,29623969
2024-10-14,58193.58984375,59300.0,61200.0,59400.0,59500.0,20886249
2024-10-15,59861.8671875,61000.0,61400.0,60100.0,61100.0,22715239
2024-10-16,58389.85546875,59500.0,60000.0,59200.0,59400.0,23303268
2024-10-17,58586.125,59700.0,60100.0,59100.0,59400.0,23372873
2024-10-18,58095.453125,59200.0,60100.0,59100.0,59900.0,14420260
2024-10-21,57899.1875,59000.0,59600.0,58500.0,59000.0,18514905
2024-10-22,56623.44140625,57700.0,58900.0,57700.0,58800.0,27582527
2024-10-23,57997.31640625,59100.0,60000.0,57100.0,57500.0,27300780
2024-10-24,55543.96484375,56600.0,58500.0,56600.0,58200.0,31499922
2024-10-25,54857.0234375,55900.0,56900.0,55800.0,56000.0,25829315
2024-10-28,57015.9765625,58100.0,58500.0,55700.0,55700.0,27775009
2024-10-29,58487.98828125,59600.0,59600.0,57300.0,58000.0,28369314
2024-10-30,57997.31640625,59100.0,59800.0,58600.0,59100.0,19838511
2024-10-31,58095.453125,59200.0,61200.0,58300.0,58500.0,35809196
2024-11-01,57212.2421875,58300.0,59600.0,58100.0,59000.0,19083180
2024-11-04,57604.78125,58700.0,59400.0,58400.0,58600.0,15586947
2024-11-05,56525.3046875,57600.0,58100.0,57200.0,57800.0,17484474
2024-11-06,56230.90234375,57300.0,58000.0,56300.0,57600.0,22092218
2024-11-07,56230.90234375,57300.0,58100.0,56800.0,56900.0,17043102
2024-11-08,55936.5,57000.0,58300.0,57000.0,58000.0,13877396
2024-11-11,53973.8203125,55000.0,56800.0,55000.0,56700.0,29811326
2024-11-12,52011.1328125,53000.0,54600.0,53000.0,54600.0,37962881
2024-11-13,49655.91015625,50600.0,53000.0,50500.0,52000.0,52527995
2024-11-14,48968.97265625,49900.0,51800.0,49900.0,50200.0,48510715
2024-11-15,52501.8046875,53500.0,54200.0,50300.0,50300.0,46774485
2024-11-18,55642.09765625,56700.0,57500.0,55900.0,57000.0,48095234
2024-11-19,55249.5625,56300.0,57500.0,55900.0,56500.0,31539632
2024-11-20,54268.21875,55300.0,56500.0,54800.0,56100.0,20864667
2024-11-21,55347.69140625,56400.0,56900.0,54700.0,54900.0,19096850
2024-11-22,54955.15625,56000.0,56700.0,55900.0,56000.0,15281543
2024-11-25,56819.70703125,57900.0,57900.0,56700.0,57400.0,36237325
2024-11-26,57212.2421875,58300.0,58900.0,57500.0,57900.0,23209405
2024-11-27,55249.5625,56300.0,57800.0,56000.0,57700.0,21808387
2024-11-28,54464.48828125,55500.0,56400.0,55200.0,56000.0,20001134
2024-11-29,53188.74609375,54200.0,55300.0,53800.0,55100.0,24513531
2024-12-02,52599.94140625,53600.0,54400.0,53100.0,54300.0,22044867
2024-12-03,52599.94140625,53600.0,54400.0,53100.0,53100.0,23374603
2024-12-04,52109.26953125,53100.0,53400.0,52000.0,52000.0,29004766
2024-12-05,52698.0703125,53700.0,54400.0,53200.0,53200.0,23588277
2024-12-06,53090.609375,54100.0,54400.0,52700.0,53900.0,22861874
2024-12-09,52403.671875,53400.0,54600.0,53200.0,53500.0,26227680
2024-12-10,52992.4765625,54000.0,54500.0,53700.0,54500.0,20783970
2024-12-11,52992.4765625,54000.0,54200.0,53400.0,53600.0,14565947
2024-12-12,54857.0234375,55900.0,56500.0,53900.0,54000.0,33476698
2024-12-13,55053.29296875,56100.0,56300.0,55500.0,55800.0,15908823
2024-12-16,54562.6171875,55600.0,56600.0,55200.0,56300.0,15277277
2024-12-17,53188.74609375,54200.0,55200.0,54000.0,54700.0,20215230
2024-12-18,53875.68359375,54900.0,55400.0,54000.0,54100.0,13698937
2024-12-19,52109.26953125,53100.0,53800.0,53100.0,53500.0,22481925
2024-12-20,52011.1328125,53000.0,53100.0,51900.0,52700.0,24674774
2024-12-23,52501.8046875,53500.0,54000.0,53300.0,53400.0,13672650
2024-12-24,53385.01171875,54400.0,54500.0,53600.0,53700.0,11634677
2024-12-26,52599.94140625,53600.0,54600.0,53500.0,54500.0,10517075
2024-12-27,53057.3984375,53700.0,54100.0,53200.0,53500.0,10747196
2024-12-30,52563.37890625,53200.0,54000.0,53100.0,53300.0,12624702
2025-01-02,52760.98828125,53400.0,53600.0,52300.0,52700.0,16630538
2025-01-03,53749.0234375,54400.0,55100.0,52800.0,52800.0,19318046
2025-01-06,55231.07421875,55900.0,56200.0,54300.0,54400.0,19034284
2025-01-07,54737.0546875,55400.0,57300.0,55400.0,56800.0,17030235
2025-01-08,56614.3203125,57300.0,57500.0,54700.0,54800.0,26593553
2025-01-09,55428.67578125,56100.0,57700.0,56100.0,57600.0,24490592
2025-01-10,54638.25,55300.0,56500.0,55200.0,56100.0,16059223
2025-01-13,53452.61328125,54100.0,55000.0,54100.0,54600.0,16868600
2025-01-14,53255.00390625,53900.0,54600.0,53700.0,54200.0,17465926
2025-01-15,53057.3984375,53700.0,54700.0,53500.0,54100.0,18625025
2025-01-16,53650.21875,54300.0,55000.0,54100.0,54200.0,18627298
2025-01-17,53057.3984375,53700.0,54100.0,53200.0,53800.0,18805344
2025-01-20,52760.98828125,53400.0,53900.0,53300.0,53600.0,11822531
2025-01-21,52859.7890625,53500.0,54300.0,53300.0,53700.0,13535702
2025-01-22,53650.21875,54300.0,54400.0,53100.0,53400.0,18341991
2025-01-23,53057.3984375,53700.0,54100.0,53500.0,53700.0,15588067
2025-01-24,53057.3984375,53700.0,53800.0,53200.0,53600.0,11867631
2025-01-31,51772.953125,52400.0,53000.0,51700.0,52200.0,42186279
2025-02-03,50389.70703125,51000.0,51400.0,50800.0,51100.0,32344897
2025-02-04,52069.3671875,52700.0,53600.0,51500.0,51600.0,27214851
2025-02-05,52266.97265625,52900.0,53800.0,52800.0,53600.0,15974885
2025-02-06,53353.80859375,54000.0,54000.0,53200.0,53400.0,16466025
2025-02-07,53057.3984375,53700.0,54200.0,53600.0,53900.0,14476866
2025-02-10,54934.6640625,55600.0,55900.0,52900.0,53000.0,27577591
2025-02-11,55033.46484375,55700.0,56300.0,55000.0,55500.0,24596196
2025-02-12,55132.26953125,55800.0,55900.0,54500.0,55100.0,26428596
2025-02-13,55132.26953125,55800.0,56400.0,55600.0,56100.0,22448377
2025-02-14,55329.875,56000.0,57300.0,56000.0,56000.0,23979779
2025-02-17,55329.875,56000.0,56500.0,55700.0,56100.0,11916027
2025-02-18,56219.10546875,56900.0,57200.0,55900.0,56200.0,22131007
2025-02-19,57997.56640625,58700.0,58900.0,57300.0,57400.0,25395151
2025-02-20,57701.15625,58400.0,59100.0,58100.0,59100.0,21589059
2025-02-21,57503.546875,58200.0,58500.0,57100.0,58400.0,22198428
2025-02-24,56614.3203125,57300.0,57700.0,57200.0,57300.0,14138471
2025-02-25,56515.515625,57200.0,57800.0,56500.0,56600.0,14625181
2025-02-26,55922.6953125,56600.0,57100.0,56100.0,57000.0,18117091
2025-02-27,55626.28515625,56300.0,57100.0,56200.0,56500.0,14975356
2025-02-28,53847.828125,54500.0,55700.0,54500.0,55400.0,28036698
2025-03-04,53847.828125,54500.0,55000.0,53800.0,53900.0,18553933
2025-03-05,53353.80859375,54000.0,55400.0,54000.0,55100.0,16578817
2025-03-06,53650.21875,54300.0,54500.0,54000.0,54100.0,12258101
2025-03-07,53057.3984375,53700.0,54200.0,53400.0,53500.0,14274992
2025-03-10,53057.3984375,53700.0,54800.0,53500.0,53500.0,12921670
2025-03-11,52958.59375,53600.0,54100.0,52500.0,52500.0,17740891
2025-03-12,54243.03515625,54900.0,55300.0,53600.0,53800.0,17973221
2025-03-13,54045.4296875,54700.0,55900.0,54200.0,55800.0,24132151
2025-03-14,54045.4296875,54700.0,55100.0,54400.0,54500.0,10845154
2025-03-17,56910.7265625,57600.0,57800.0,55400.0,55500.0,35559021
2025-03-18,56910.7265625,57600.0,59000.0,57300.0,58800.0,28138594
2025-03-19,57799.9609375,58500.0,59200.0,57400.0,57400.0,29421759
2025-03-20,59479.6171875,60200.0,60300.0,58500.0,59200.0,34989004
2025-03-21,60961.66796875,61700.0,61700.0,60400.0,60900.0,40155612
2025-03-24,59776.02734375,60500.0,61600.0,60500.0,61200.0,14088094
2025-03-25,59084.40234375,59800.0,61100.0,59500.0,60900.0,17259455
2025-03-26,60665.25390625,61400.0,61400.0,59700.0,59800.0,16431645
2025-03-27,61060.46875,61800.0,62000.0,60800.0,60900.0,20389790
2025-03-28,59833.0,60200.0,61100.0,60000.0,60700.0,16282514
2025-03-31,57447.62890625,57800.0,59700.0,57800.0,59500.0,17633494
2025-04-01,58441.53515625,58800.0,59600.0,57900.0,58700.0,13841706
2025-04-02,58441.53515625,58800.0,59400.0,58300.0,58800.0,14402297
2025-04-03,57248.84765625,57600.0,57800.0,56900.0,56900.0,19508076
2025-04-04,55757.9921875,56100.0,58200.0,55700.0,56200.0,23527139
2025-04-07,52875.671875,53200.0,54100.0,53100.0,53300.0,31998883
2025-04-08,53173.84375,53500.0,55300.0,53300.0,55000.0,25532845
2025-04-09,52676.89453125,53000.0,54300.0,52900.0,53300.0,20576960
2025-04-10,56056.1640625,56400.0,56700.0,55000.0,56600.0,22948172
2025-04-11,54863.48046875,55200.0,55700.0,54800.0,55600.0,13930480
2025-04-14,55857.3828125,56200.0,56700.0,55800.0,56300.0,12852613
2025-04-15,56254.9453125,56600.0,57100.0,56200.0,56300.0,8998640
2025-04-16,54366.52734375,54700.0,56200.0,54500.0,56000.0,14437025
2025-04-17,54764.08984375,55100.0,55300.0,54500.0,54700.0,10867069
2025-04-18,54962.87109375,55300.0,55600.0,54900.0,55300.0,5848342
2025-04-21,55062.26171875,55400.0,56000.0,55100.0,55200.0,5941847
2025-04-22,54664.69921875,55000.0,55500.0,54700.0,54900.0,9532469
2025-04-23,55360.43359375,55700.0,56100.0,55500.0,56000.0,11148692
2025-04-24,55360.43359375,55700.0,55800.0,55200.0,55600.0,10580377
2025-04-25,55360.43359375,55700.0,56400.0,55600.0,56400.0,12183303
2025-04-28,55459.82421875,55800.0,55900.0,55500.0,55800.0,9341518
2025-04-29,55459.82421875,55800.0,56500.0,55600.0,55700.0,10295518
2025-04-30,55161.65234375,55500.0,56000.0,55300.0,55900.0,13014189
2025-05-02,53968.96875,54300.0,55500.0,54200.0,55000.0,22454204
2025-05-07,54267.13671875,54600.0,55000.0,54300.0,54500.0,17136991
2025-05-08,54267.13671875,54600.0,55500.0,54500.0,55100.0,16320532
2025-05-09,54465.91796875,54800.0,55000.0,54400.0,54700.0,7814322
2025-05-12,57248.84765625,57600.0,57600.0,55000.0,55200.0,15414702
2025-05-13,56553.1171875,56900.0,58200.0,56800.0,57700.0,16842801
2025-05-14,57050.0703125,57400.0,57900.0,57000.0,57500.0,12468089
2025-05-15,56950.6796875,57300.0,58600.0,57100.0,57400.0,13139736
2025-05-16,56453.7265625,56800.0,57500.0,56700.0,57400.0,10385352
2025-05-19,55459.82421875,55800.0,56400.0,55500.0,56400.0,9802105
2025-05-20,55559.21484375,55900.0,56700.0,55700.0,56200.0,9080577
2025-05-21,55360.43359375,55700.0,56600.0,55700.0,56200.0,7794181
2025-05-22,54366.52734375,54700.0,55500.0,54500.0,55300.0,15254278
2025-05-23,53869.578125,54200.0,55200.0,54100.0,55000.0,11247115
2025-05-26,54366.52734375,54700.0,55000.0,53700.0,53900.0,10901337
2025-05-27,53571.40625,53900.0,54500.0,53800.0,54200.0,13439520
2025-05-28,55559.21484375,55900.0,56100.0,54200.0,54300.0,17516283
2025-05-29,55757.9921875,56100.0,56400.0,55600.0,56200.0,12936810
2025-05-30,55857.3828125,56200.0,57200.0,55800.0,56200.0,26219683
2025-06-02,56453.7265625,56800.0,57300.0,56200.0,56300.0,12870515
2025-06-04,57447.62890625,57800.0,57900.0,56800.0,57200.0,19649983
2025-06-05,58739.703125,59100.0,59900.0,57900.0,58100.0,23266027
2025-06-09,59435.4375,59800.0,60400.0,59500.0,60400.0,19609659
2025-06-10,58839.09375,59200.0,60100.0,58800.0,60000.0,15305760
2025-06-11,59534.828125,59900.0,60100.0,59400.0,59500.0,13610734
2025-06-12,59137.265625,59500.0,60000.0,59300.0,59700.0,17755115
2025-06-13,57944.58203125,58300.0,60200.0,57700.0,60200.0,20705979
2025-06-16,56851.2890625,57200.0,58100.0,56900.0,58000.0,22200872
2025-06-17,57745.80078125,58100.0,59800.0,57400.0,57800.0,28637003
2025-06-18,59435.4375,59800.0,59800.0,57900.0,58000.0,17620705
2025-06-19,58839.09375,59200.0,60600.0,59000.0,60500.0,16876278
2025-06-20,59137.265625,59500.0,59800.0,59100.0,59400.0,18072251
2025-06-23,57646.41015625,58000.0,58500.0,57600.0,58400.0,16551694
2025-06-24,60131.171875,60500.0,60600.0,59300.0,59400.0,23737899
2025-06-25,60926.29296875,61300.0,61600.0,60300.0,61500.0,23933612
2025-06-26,59833.0,60200.0,61300.0,59900.0,61300.0,19402300
2025-06-27,60800.0,60800.0,61600.0,60000.0,60100.0,17340470
2025-06-30,59800.0,59800.0,61200.0,59800.0,61200.0,17110294
2025-07-01,60200.0,60200.0,61100.0,60200.0,60400.0,13650991
2025-07-02,60800.0,60800.0,60900.0,59800.0,60200.0,15047951
2025-07-03,63800.0,63800.0,63800.0,61100.0,61300.0,32040639
2025-07-04,63300.0,63300.0,64700.0,63000.0,64700.0,23748959
2025-07-07,61700.0,61700.0,63300.0,61700.0,62900.0,17164708
2025-07-08,61400.0,61400.0,62400.0,61000.0,61600.0,20213724
2025-07-09,60400.0,60400.0,61400.0,60200.0,61400.0,17533415
2025-07-10,61000.0,61000.0,61200.0,60400.0,60600.0,14768473
2025-07-11,62600.0,62600.0,62800.0,61200.0,61300.0,19140650
2025-07-14,62500.0,62500.0,62600.0,61800.0,62300.0,13563846
2025-07-15,63700.0,63700.0,63800.0,62000.0,62300.0,18442202
2025-07-16,64700.0,64700.0,64700.0,63100.0,63700.0,23042660
2025-07-17,66700.0,66700.0,66800.0,64400.0,65900.0,39448683
2025-07-18,67100.0,67100.0,67800.0,66300.0,67000.0,23951531
2025-07-21,67800.0,67800.0,68800.0,67200.0,67400.0,17723148
2025-07-22,66000.0,66000.0,68500.0,65600.0,68100.0,20829006
2025-07-23,66400.0,66400.0,66500.0,64900.0,66200.0,15687058
2025-07-24,66000.0,66000.0,66800.0,65900.0,66500.0,12660193
2025-07-25,65900.0,65900.0,66300.0,65500.0,65700.0,8080910
2025-07-28,70400.0,70400.0,70400.0,67200.0,68200.0,35332500
2025-07-29,70600.0,70600.0,70800.0,68800.0,70800.0,28190940
2025-07-30,72600.0,72600.0,73700.0,70600.0,71000.0,34761444
2025-07-31,71400.0,71400.0,74000.0,71000.0,73000.0,26568072
2025-08-01,68900.0,68900.0,72000.0,68800.0,70200.0,24038534
2025-08-04,69700.0,69700.0,70200.0,68700.0,69500.0,14780072
2025-08-05,69900.0,69900.0,71500.0,69700.0,71000.0,14392903
2025-08-06,68800.0,68800.0,69400.0,68300.0,69200.0,12542415
2025-08-07,70500.0,70500.0,71000.0,69700.0,70800.0,15008213
2025-08-08,71800.0,71800.0,72400.0,70700.0,71000.0,22241128
2025-08-11,71000.0,71000.0,72100.0,70800.0,72000.0,11354253
2025-08-12,71100.0,71100.0,72400.0,71100.0,71100.0,15797656
2025-08-13,71900.0,71900.0,72100.0,71400.0,71900.0,12305742
2025-08-14,71600.0,71600.0,71900.0,71200.0,71900.0,11946122
2025-08-18,70000.0,70000.0,71200.0,70000.0,71100.0,13595591
2025-08-19,70000.0,70000.0,70700.0,69700.0,70400.0,10533082
2025-08-20,70500.0,70500.0,70700.0,69400.0,70100.0,17445516
2025-08-21,70600.0,70600.0,71900.0,70600.0,71500.0,18843833
2025-08-22,71400.0,71400.0,71800.0,70800.0,71700.0,9277432
2025-08-25,71500.0,71500.0,71800.0,71000.0,71700.0,10345178
2025-08-26,70300.0,70300.0,71100.0,70300.0,70800.0,14712519
2025-08-27,70600.0,70600.0,70900.0,69800.0,70100.0,10523405
2025-08-28,69600.0,69600.0,70400.0,69600.0,70100.0,11578024
2025-08-29,69700.0,69700.0,70500.0,69700.0,70100.0,11682267
2025-09-01,67600.0,67600.0,68600.0,67500.0,68400.0,12002343
2025-09-02,69100.0,69100.0,69500.0,67800.0,67800.0,10604028
2025-09-03,69800.0,69800.0,69800.0,68800.0,69200.0,10283009
2025-09-04,70100.0,70100.0,70100.0,69300.0,69500.0,12284414
2025-09-05,69500.0,69500.0,70400.0,69500.0,70300.0,11526724
2025-09-08,70100.0,70100.0,70500.0,69600.0,69800.0,9263135
2025-09-09,71500.0,71500.0,71500.0,70000.0,70100.0,14870245
2025-09-10,72600.0,72600.0,72800.0,71600.0,71800.0,21928565
2025-09-11,73400.0,73400.0,73600.0,72100.0,73200.0,20793501
2025-09-12,75400.0,75400.0,75600.0,74200.0,74600.0,28219678
2025-09-15,76500.0,76500.0,77600.0,75900.0,77200.0,19908805
2025-09-16,79400.0,79400.0,79500.0,76700.0,76900.0,28218265
2025-09-17,78200.0,78200.0,79100.0,77100.0,79100.0,20856317
2025-09-18,80300.0,80300.0,80500.0,78600.0,79100.0,25619035
2025-09-22,83500.0,83500.0,84000.0,81100.0,81500.0,27529656
